{"cameraMode":{"drawMode":0,"name":"Shaded","section":"Shading Mode"},"sceneLighting":false,"audioPlay":false,"sceneViewState":{"m_AlwaysRefresh":false,"showFog":true,"showSkybox":false,"showFlares":true,"showImageEffects":true,"showParticleSystems":true,"showVisualEffectGraphs":true,"m_FxEnabled":true},"in2DMode":false,"pivot":{"x":6.839782238006592,"y":1.9488511085510255,"z":19.10718536376953},"rotation":{"x":-0.3257545530796051,"y":0.0005648162332363427,"z":-0.00019360748410690576,"w":-0.9454551339149475},"size":4.086652755737305,"orthographic":false}