{"cameraMode":{"drawMode":0,"name":"Shaded","section":"Shading Mode"},"sceneLighting":false,"audioPlay":false,"sceneViewState":{"m_AlwaysRefresh":false,"showFog":true,"showSkybox":false,"showFlares":true,"showImageEffects":true,"showParticleSystems":true,"showVisualEffectGraphs":true,"m_FxEnabled":true},"in2DMode":false,"pivot":{"x":0.4905659258365631,"y":1.1439719200134278,"z":-1.5520870685577393},"rotation":{"x":0.004664357285946608,"y":0.9936912655830383,"z":0.10139115899801254,"w":-0.04443124681711197},"size":1.3622177839279175,"orthographic":false}