{"cameraMode":{"drawMode":0,"name":"Shaded","section":"Shading Mode"},"sceneLighting":true,"audioPlay":false,"sceneViewState":{"m_AlwaysRefresh":false,"showFog":true,"showSkybox":true,"showFlares":true,"showImageEffects":true,"showParticleSystems":true,"showVisualEffectGraphs":true,"m_FxEnabled":true},"in2DMode":false,"pivot":{"x":31.69024658203125,"y":-7.296959400177002,"z":19.533920288085939},"rotation":{"x":0.17962592840194703,"y":0.5101544260978699,"z":-0.10912905633449555,"w":0.8337003588676453},"size":20.963104248046876,"orthographic":false}