{"cameraMode":{"drawMode":0,"name":"Shaded","section":"Shading Mode"},"sceneLighting":true,"audioPlay":false,"sceneViewState":{"m_AlwaysRefresh":false,"showFog":true,"showSkybox":true,"showFlares":true,"showImageEffects":true,"showParticleSystems":true,"showVisualEffectGraphs":true,"m_FxEnabled":true},"in2DMode":false,"pivot":{"x":42.5574951171875,"y":43.467559814453128,"z":-8.105209350585938},"rotation":{"x":0.20993085205554963,"y":0.12577031552791596,"z":-0.02680807001888752,"w":0.9689230918884277},"size":7.1632890701293949,"orthographic":false}