{"cameraMode":{"drawMode":0,"name":"Shaded","section":"Shading Mode"},"sceneLighting":true,"audioPlay":false,"sceneViewState":{"m_AlwaysRefresh":false,"showFog":true,"showSkybox":true,"showFlares":true,"showImageEffects":true,"showParticleSystems":true,"showVisualEffectGraphs":true,"m_FxEnabled":true},"in2DMode":false,"pivot":{"x":23.357507705688478,"y":2.8985605239868166,"z":8.620410919189454},"rotation":{"x":-0.21739575266838075,"y":-0.03747376427054405,"z":0.00835367850959301,"w":-0.975328803062439},"size":12.735444068908692,"orthographic":false}