{"cameraMode":{"drawMode":0,"name":"Shaded","section":"Shading Mode"},"sceneLighting":true,"audioPlay":false,"sceneViewState":{"m_AlwaysRefresh":false,"showFog":true,"showSkybox":true,"showFlares":true,"showImageEffects":true,"showParticleSystems":true,"showVisualEffectGraphs":true,"m_FxEnabled":true},"in2DMode":false,"pivot":{"x":22.045452117919923,"y":2.967789649963379,"z":8.71621322631836},"rotation":{"x":-0.21608124673366548,"y":-0.00966865848749876,"z":0.002140844240784645,"w":-0.9763256907463074},"size":12.735444068908692,"orthographic":false}